,MSE between CrossCorrelation,MSE between inter-sample correlation,MSE between two features,MSE CC (test),MSE SC (test),MSE (test)
0,0.1695946604013443,0.07622196525335312,0.0068399328738451,0.16649195551872253,0.06602498143911362,0.006789390929043293
