,MSE between CrossCorrelation,MSE between inter-sample correlation,MSE between two features
0,0.0021117422729730606,0.004826514516025782,0.00010983803076669574
